{
  "type": "minecraft:crafting_shaped",
  "category": "equipment",
  "key": {
    "A": {
      "item": "minecraft:amethyst_shard"
    },
    "N": {
      "item": "minecraft:netherite_ingot"
    },
    "C": {
      "item": "minecraft:golden_carrot"
    },
    "B": {
      "item": "minecraft:blaze_powder"
    },
    "M": {
      "item": "minecraft:magma_cream"
    }
  },
  "pattern": [
    "MAM",
    "CNC",
    "BNB"
  ],
  "result": {
    "item": "minecraft:spyglass"
  },
  "show_notification": true
}