{
    "type": "minecraft:crafting_shaped",
    "pattern": [
        "MWS",
        "NSW",
        "BNW"
    ],
    "key": {
        "M": {
            "item": "minecraft:magma_cream"
        },
        "B": {
            "item": "minecraft:blaze_rod"
        },
        "S": {
            "item":"minecraft:warped_stem"
        },
        "W": {
            "item": "minecraft:weeping_vines"
        },
        "N": {
            "item": "minecraft:netherite_ingot"
        }
    },
    "result": {
      "item": "minecraft:knowledge_book",
      "count": 1
    }
  }