{
    "type": "minecraft:fishing",
    "pools": [
      {
        "rolls": 1,
        "entries": [
          {
            "type": "minecraft:item",
            "name": "minecraft:ancient_debris",
            "functions": [
              {
                "function": "minecraft:set_count",
                "count":{
                  "min":1,
                  "max":3
                }
              }
            ],
            "weight": 7
          },
          {
            "type": "minecraft:item",
            "name": "minecraft:netherite_scrap",
            "functions": [
              {
                "function": "minecraft:set_count",
                "count":{
                  "min":2,
                  "max":5
                }
              }
            ],
            "weight": 7
          },
          {
            "type": "minecraft:item",
            "name": "minecraft:netherite_ingot",
            "weight": 4
          },
          {
            "type": "minecraft:item",
            "name": "minecraft:netherite_upgrade_smithing_template",
            "weight": 1
          },
          {
            "type": "loot_table",
            "name": "infernal_fishing:pouch",
            "weight": 3
          },
          {
            "type": "loot_table",
            "name": "infernal_fishing:elder",
            "weight": 1,
            "quality": 1
          }
        ]
      }
    ]
}