{
    "type": "minecraft:fishing",
    "pools": [
      {
        "rolls": 1,
        "entries": [
            {
              "type": "loot_table",
              "name": "infernal_fishing:eldest",
              "weight": 18,
              "quality": 1
            },
            {
              "type": "minecraft:item",
              "name": "minecraft:bundle",
              "functions": [
                {
                  "function": "minecraft:set_nbt",
                  "tag": "{CustomModelData:4276947,Fireproof:1b,Enchantments:[{}],Items:[{id:\"minecraft:netherite_scrap\",Count:2b}],display:{Name:'{\"text\":\"Elder pouch\",\"color\":\"dark_purple\",\"italic\":false}',Lore:['{\"text\":\"This nylium looks ancient\",\"color\":\"dark_gray\"}']}}"
                }
              ],
              "weight": 1
            },
            {
              "type": "minecraft:item",
              "name": "minecraft:bundle",
              "functions": [
                  {
                      "function": "minecraft:set_nbt",
                      "tag": "{CustomModelData:4276947,Fireproof:1b,Enchantments:[{}],Items:[{id:\"minecraft:netherite_ingot\",Count:1b}],display:{Name:'{\"text\":\"Elder pouch\",\"color\":\"dark_purple\",\"italic\":false}',Lore:['{\"text\":\"This nylium looks ancient\",\"color\":\"dark_gray\"}']}}"
                  }
              ],
              "weight": 1
            },
            {
                "type": "minecraft:item",
                "name": "minecraft:bundle",
                "functions": [
                    {
                        "function": "minecraft:set_nbt",
                        "tag": "{CustomModelData:4276947,Fireproof:1b,Enchantments:[{}],Items:[{id:\"minecraft:netherite_ingot\",Count:2b}],display:{Name:'{\"text\":\"Elder pouch\",\"color\":\"dark_purple\",\"italic\":false}',Lore:['{\"text\":\"This nylium looks ancient\",\"color\":\"dark_gray\"}']}}"
                    }
                ],
                "weight": 1
            },
            {
                "type": "minecraft:item",
                "name": "minecraft:bundle",
                "functions": [
                    {
                        "function": "minecraft:set_nbt",
                        "tag": "{CustomModelData:4276947,Fireproof:1b,Enchantments:[{}],Items:[{id:\"minecraft:netherite_ingot\",Count:3b}],display:{Name:'{\"text\":\"Elder pouch\",\"color\":\"dark_purple\",\"italic\":false}',Lore:['{\"text\":\"This nylium looks ancient\",\"color\":\"dark_gray\"}']}}"
                    }
                ],
                "weight": 1
            },
            {
                "type": "minecraft:item",
                "name": "minecraft:bundle",
                "functions": [
                    {
                        "function": "minecraft:set_nbt",
                        "tag": "{CustomModelData:4276947,Fireproof:1b,Enchantments:[{}],Items:[{id:\"minecraft:netherite_ingot\",Count:4b}],display:{Name:'{\"text\":\"Elder pouch\",\"color\":\"dark_purple\",\"italic\":false}',Lore:['{\"text\":\"This nylium looks ancient\",\"color\":\"dark_gray\"}']}}"
                    }
                ],
                "weight": 1
            },
            {
                "type": "minecraft:item",
                "name": "minecraft:bundle",
                "functions": [
                    {
                        "function": "minecraft:set_nbt",
                        "tag": "{CustomModelData:4276947,Fireproof:1b,Enchantments:[{}],Items:[{id:\"minecraft:netherite_ingot\",Count:5b}],display:{Name:'{\"text\":\"Elder pouch\",\"color\":\"dark_purple\",\"italic\":false}',Lore:['{\"text\":\"This nylium looks ancient\",\"color\":\"dark_gray\"}']}}"
                    }
                ],
                "weight": 1
            },
            {
                "type": "minecraft:item",
                "name": "minecraft:bundle",
                "functions": [
                    {
                        "function": "minecraft:set_nbt",
                        "tag": "{CustomModelData:4276947,Fireproof:1b,Enchantments:[{}],Items:[{id:\"minecraft:netherite_ingot\",Count:6b}],display:{Name:'{\"text\":\"Elder pouch\",\"color\":\"dark_purple\",\"italic\":false}',Lore:['{\"text\":\"This nylium looks ancient\",\"color\":\"dark_gray\"}']}}"
                    }
                ],
                "weight": 1
            },
            {
              "type": "minecraft:item",
              "name": "minecraft:bundle",
              "functions": [
                  {
                      "function": "minecraft:set_nbt",
                      "tag": "{CustomModelData:4276947,Fireproof:1b,Enchantments:[{}],Items:[{id:\"minecraft:netherite_scrap\",Count:12b}],display:{Name:'{\"text\":\"Elder pouch\",\"color\":\"dark_purple\",\"italic\":false}',Lore:['{\"text\":\"This nylium looks ancient\",\"color\":\"dark_gray\"}']}}"
                  }
              ],
              "weight": 1
          },
          {
            "type": "minecraft:item",
            "name": "minecraft:bundle",
            "functions": [
                {
                    "function": "minecraft:set_nbt",
                    "tag": "{CustomModelData:4276947,Fireproof:1b,Enchantments:[{}],Items:[{id:\"minecraft:netherite_scrap\",Count:9b}],display:{Name:'{\"text\":\"Elder pouch\",\"color\":\"dark_purple\",\"italic\":false}',Lore:['{\"text\":\"This nylium looks ancient\",\"color\":\"dark_gray\"}']}}"
                }
            ],
            "weight": 1
          },
          {
            "type": "minecraft:item",
            "name": "minecraft:bundle",
            "functions": [
                {
                    "function": "minecraft:set_nbt",
                    "tag": "{CustomModelData:4276947,Fireproof:1b,Enchantments:[{}],Items:[{id:\"minecraft:netherite_scrap\",Count:6b}],display:{Name:'{\"text\":\"Elder pouch\",\"color\":\"dark_purple\",\"italic\":false}',Lore:['{\"text\":\"This nylium looks ancient\",\"color\":\"dark_gray\"}']}}"
                }
            ],
            "weight": 1
          },
          {
            "type": "minecraft:item",
            "name": "minecraft:bundle",
            "functions": [
                {
                    "function": "minecraft:set_nbt",
                    "tag": "{CustomModelData:4276947,Fireproof:1b,Enchantments:[{}],Items:[{id:\"minecraft:netherite_scrap\",Count:3b}],display:{Name:'{\"text\":\"Elder pouch\",\"color\":\"dark_purple\",\"italic\":false}',Lore:['{\"text\":\"This nylium looks ancient\",\"color\":\"dark_gray\"}']}}"
                }
            ],
            "weight": 1
          },
          {
            "type": "minecraft:item",
            "name": "minecraft:bundle",
            "functions": [
                {
                    "function": "minecraft:set_nbt",
                    "tag": "{CustomModelData:4276947,Fireproof:1b,Enchantments:[{}],Items:[{id:\"minecraft:ancient_debris\",Count:4b}],display:{Name:'{\"text\":\"Elder pouch\",\"color\":\"dark_purple\",\"italic\":false}',Lore:['{\"text\":\"This nylium looks ancient\",\"color\":\"dark_gray\"}']}}"
                }
            ],
            "weight": 1
          },
          {
            "type": "minecraft:item",
            "name": "minecraft:bundle",
            "functions": [
                {
                    "function": "minecraft:set_nbt",
                    "tag": "{CustomModelData:4276947,Fireproof:1b,Enchantments:[{}],Items:[{id:\"minecraft:ancient_debris\",Count:3b}],display:{Name:'{\"text\":\"Elder pouch\",\"color\":\"dark_purple\",\"italic\":false}',Lore:['{\"text\":\"This nylium looks ancient\",\"color\":\"dark_gray\"}']}}"
                }
            ],
            "weight": 1
          },
          {
            "type": "minecraft:item",
            "name": "minecraft:bundle",
            "functions": [
                {
                    "function": "minecraft:set_nbt",
                    "tag": "{CustomModelData:4276947,Fireproof:1b,Enchantments:[{}],Items:[{id:\"minecraft:structure_void\",Count:4b,tag:{CustomModelData:4276930,Fireproof:1b,Tablet:1b,display:{Name:'{\"text\":\"Ancient tablet\",\"color\":\"gold\"}',Lore:['{\"text\":\"I wonder...\",\"color\":\"purple\"}']}}}],display:{Name:'{\"text\":\"Elder pouch\",\"color\":\"dark_purple\",\"italic\":false}',Lore:['{\"text\":\"This nylium looks ancient\",\"color\":\"dark_gray\"}']}}"
                }
            ],
            "weight": 1
          },
          {
              "type": "minecraft:item",
              "name": "minecraft:bundle",
              "functions": [
                  {
                      "function": "minecraft:set_nbt",
                      "tag": "{CustomModelData:4276947,Fireproof:1b,Enchantments:[{}],Items:[{id:\"minecraft:structure_void\",Count:3b,tag:{CustomModelData:4276930,Fireproof:1b,Tablet:1b,display:{Name:'{\"text\":\"Ancient tablet\",\"color\":\"gold\"}',Lore:['{\"text\":\"I wonder...\",\"color\":\"purple\"}']}}}],display:{Name:'{\"text\":\"Elder pouch\",\"color\":\"dark_purple\",\"italic\":false}',Lore:['{\"text\":\"This nylium looks ancient\",\"color\":\"dark_gray\"}']}}"
                  }
              ],
              "weight": 1
          },
          {
              "type": "minecraft:item",
              "name": "minecraft:bundle",
              "functions": [
                  {
                      "function": "minecraft:set_nbt",
                      "tag": "{CustomModelData:4276947,Fireproof:1b,Enchantments:[{}],Items:[{id:\"minecraft:ancient_debris\",Count:2b},{id:\"minecraft:structure_void\",Count:1b,tag:{CustomModelData:4276930,Fireproof:1b,Tablet:1b,display:{Name:'{\"text\":\"Ancient tablet\",\"color\":\"gold\"}',Lore:['{\"text\":\"I wonder...\",\"color\":\"purple\"}']}}}],display:{Name:'{\"text\":\"Elder pouch\",\"color\":\"dark_purple\",\"italic\":false}',Lore:['{\"text\":\"This nylium looks ancient\",\"color\":\"dark_gray\"}']}}"
                  }
              ],
              "weight": 1
          },
          {
              "type": "minecraft:item",
              "name": "minecraft:bundle",
              "functions": [
                  {
                      "function": "minecraft:set_nbt",
                      "tag": "{CustomModelData:4276947,Fireproof:1b,Enchantments:[{}],Items:[{id:\"minecraft:ancient_debris\",Count:1b},{id:\"minecraft:structure_void\",Count:3b,tag:{CustomModelData:4276930,Fireproof:1b,Tablet:1b,display:{Name:'{\"text\":\"Ancient tablet\",\"color\":\"gold\"}',Lore:['{\"text\":\"I wonder...\",\"color\":\"purple\"}']}}}],display:{Name:'{\"text\":\"Elder pouch\",\"color\":\"dark_purple\",\"italic\":false}',Lore:['{\"text\":\"This nylium looks ancient\",\"color\":\"dark_gray\"}']}}"
                  }
              ],
              "weight": 1
          },
          {
              "type": "minecraft:item",
              "name": "minecraft:bundle",
              "functions": [
                  {
                      "function": "minecraft:set_nbt",
                      "tag": "{CustomModelData:4276947,Fireproof:1b,Enchantments:[{}],Items:[{id:\"minecraft:structure_void\",Count:1b,tag:{CustomModelData:4276930,Fireproof:1b,Tablet:1b,display:{Name:'{\"text\":\"Ancient tablet\",\"color\":\"gold\"}',Lore:['{\"text\":\"I wonder...\",\"color\":\"purple\"}']}}}],display:{Name:'{\"text\":\"Elder pouch\",\"color\":\"dark_purple\",\"italic\":false}',Lore:['{\"text\":\"This nylium looks ancient\",\"color\":\"dark_gray\"}']}}"
                  }
              ],
              "weight": 1
          }
        ]
      }
    ]
  }
  