{
  "type": "minecraft:fishing",
  "pools": [
    {
      "rolls": 1,
      "entries": [
        
        {
          "type": "minecraft:item",
          "name": "minecraft:potion",
          "functions": [
            {
              "function": "minecraft:set_nbt",
              "tag": "{Potion:\"minecraft:fire_resistance\"}"
            }
          ],
          "weight": 20
        },
        {
          "type": "minecraft:item",
          "name": "minecraft:potion",
          "functions": [
            {
              "function": "minecraft:set_nbt",
              "tag": "{Potion:\"minecraft:long_fire_resistance\"}"
            }
          ],
          "weight": 14
        },
        {
          "type": "minecraft:item",
          "name": "minecraft:gilded_blackstone",
          "weight": 8
        },
        {
          "type": "minecraft:item",
          "name": "minecraft:crying_obsidian",
          "weight": 8
        },
        {
          "type": "minecraft:item",
          "name": "minecraft:potion",
          "functions": [
            {
              "function": "minecraft:set_nbt",
              "tag": "{Potion:\"minecraft:night_vision\"}"
            }
          ],
          "weight": 8
        },
        {
          "type": "minecraft:item",
          "name": "minecraft:potion",
          "functions": [
            {
              "function": "minecraft:set_nbt",
              "tag": "{Potion:\"minecraft:long_night_vision\"}"
            }
          ],
          "weight": 4
        },
        {
          "type": "minecraft:item",
          "name": "minecraft:structure_void",
          "functions": [
            {
              "function": "minecraft:set_nbt",
              "tag": "{CustomModelData:4276930,Fireproof:1b,Tablet:1b,display:{Name:'{\"text\":\"Ancient tablet\",\"color\":\"gold\"}',Lore:['{\"text\":\"I wonder...\",\"color\":\"purple\"}']}}"
            }
          ],
          "weight": 38
        }
      ]
    }
  ]
}