{
  "type": "minecraft:fishing",
  "pools": [
      {
        "rolls": 1,
        "entries": [
          {
            "type": "loot_table",
            "name": "infernal_fishing:fauna",
            "weight": 159,
            "quality": 0
          },
          {
            "type": "loot_table",
            "name": "infernal_fishing:fiendish",
            "weight": 64,
            "quality": 0
          },
          {
            "type": "loot_table",
            "name": "infernal_fishing:gilded",
            "weight": 32,
            "quality": 0
          },
          {
            "type": "loot_table",
            "name": "infernal_fishing:ancient",
            "weight": 1,
            "quality": 0
          }
        ]
      }
    ]
  }