{
  "type": "minecraft:fishing",
  "pools": [
    {
      "rolls": 1,
      "entries": [
              {
                  "type": "minecraft:item",
                  "name": "minecraft:bundle",
                  "functions": [
                      {
                          "function": "minecraft:set_nbt",
                          "tag": "{CustomModelData:4276942,Fireproof:1b,Enchantments:[{}],Items:[{id:\"minecraft:structure_void\",Count:4b,tag:{CustomModelData:4276930,Fireproof:1b,Tablet:1b,display:{Name:'{\"text\":\"Ancient tablet\",\"color\":\"gold\"}',Lore:['{\"text\":\"I wonder...\",\"color\":\"purple\"}']}}}],display:{Name:'{\"text\":\"Crimson pouch\",\"color\":\"dark_red\",\"italic\":false}',Lore:['{\"text\":\"Cooler on the inside\",\"color\":\"dark_gray\"}']}}"
                      }
                  ],
                  "weight": 1
              },
              {
                  "type": "minecraft:item",
                  "name": "minecraft:bundle",
                  "functions": [
                      {
                          "function": "minecraft:set_nbt",
                          "tag": "{CustomModelData:4276942,Fireproof:1b,Enchantments:[{}],Items:[{id:\"minecraft:structure_void\",Count:3b,tag:{CustomModelData:4276930,Fireproof:1b,Tablet:1b,display:{Name:'{\"text\":\"Ancient tablet\",\"color\":\"gold\"}',Lore:['{\"text\":\"I wonder...\",\"color\":\"purple\"}']}}}],display:{Name:'{\"text\":\"Crimson pouch\",\"color\":\"dark_red\",\"italic\":false}',Lore:['{\"text\":\"Cooler on the inside\",\"color\":\"dark_gray\"}']}}"
                      }
                  ],
                  "weight": 1
              },
              {
                  "type": "minecraft:item",
                  "name": "minecraft:bundle",
                  "functions": [
                      {
                          "function": "minecraft:set_nbt",
                          "tag": "{CustomModelData:4276942,Fireproof:1b,Enchantments:[{}],Items:[{id:\"minecraft:ancient_debris\",Count:2b},{id:\"minecraft:structure_void\",Count:1b,tag:{CustomModelData:4276930,Fireproof:1b,Tablet:1b,display:{Name:'{\"text\":\"Ancient tablet\",\"color\":\"gold\"}',Lore:['{\"text\":\"I wonder...\",\"color\":\"purple\"}']}}}],display:{Name:'{\"text\":\"Crimson pouch\",\"color\":\"dark_red\",\"italic\":false}',Lore:['{\"text\":\"Cooler on the inside\",\"color\":\"dark_gray\"}']}}"
                      }
                  ],
                  "weight": 1
              },
              {
                  "type": "minecraft:item",
                  "name": "minecraft:bundle",
                  "functions": [
                      {
                          "function": "minecraft:set_nbt",
                          "tag": "{CustomModelData:4276942,Fireproof:1b,Enchantments:[{}],Items:[{id:\"minecraft:ancient_debris\",Count:1b},{id:\"minecraft:structure_void\",Count:3b,tag:{CustomModelData:4276930,Fireproof:1b,Tablet:1b,display:{Name:'{\"text\":\"Ancient tablet\",\"color\":\"gold\"}',Lore:['{\"text\":\"I wonder...\",\"color\":\"purple\"}']}}}],display:{Name:'{\"text\":\"Crimson pouch\",\"color\":\"dark_red\",\"italic\":false}',Lore:['{\"text\":\"Cooler on the inside\",\"color\":\"dark_gray\"}']}}"
                      }
                  ],
                  "weight": 1
              },
              {
                  "type": "minecraft:item",
                  "name": "minecraft:bundle",
                  "functions": [
                      {
                          "function": "minecraft:set_nbt",
                          "tag": "{CustomModelData:4276942,Fireproof:1b,Enchantments:[{}],Items:[{id:\"minecraft:structure_void\",Count:1b,tag:{CustomModelData:4276930,Fireproof:1b,Tablet:1b,display:{Name:'{\"text\":\"Ancient tablet\",\"color\":\"gold\"}',Lore:['{\"text\":\"I wonder...\",\"color\":\"purple\"}']}}}],display:{Name:'{\"text\":\"Crimson pouch\",\"color\":\"dark_red\",\"italic\":false}',Lore:['{\"text\":\"Cooler on the inside\",\"color\":\"dark_gray\"}']}}"
                      }
                  ],
                  "weight": 1
              },
              {
                  "type": "minecraft:item",
                  "name": "minecraft:bundle",
                  "functions": [
                      {
                          "function": "minecraft:set_nbt",
                          "tag": "{CustomModelData:4276942,Fireproof:1b,Enchantments:[{}],Items:[{id:\"minecraft:ancient_debris\",Count:4b}],display:{Name:'{\"text\":\"Crimson pouch\",\"color\":\"dark_red\",\"italic\":false}',Lore:['{\"text\":\"Cooler on the inside\",\"color\":\"dark_gray\"}']}}"
                      }
                  ],
                  "weight": 1
              },
              {
                  "type": "minecraft:item",
                  "name": "minecraft:bundle",
                  "functions": [
                      {
                          "function": "minecraft:set_nbt",
                          "tag": "{CustomModelData:4276942,Fireproof:1b,Enchantments:[{}],Items:[{id:\"minecraft:ancient_debris\",Count:6b}],display:{Name:'{\"text\":\"Crimson pouch\",\"color\":\"dark_red\",\"italic\":false}',Lore:['{\"text\":\"Cooler on the inside\",\"color\":\"dark_gray\"}']}}"
                      }
                  ],
                  "weight": 1
              },
              {
                  "type": "minecraft:item",
                  "name": "minecraft:bundle",
                  "functions": [
                      {
                          "function": "minecraft:set_nbt",
                          "tag": "{CustomModelData:4276942,Fireproof:1b,Enchantments:[{}],Items:[{id:\"minecraft:ancient_debris\",Count:3b}],display:{Name:'{\"text\":\"Crimson pouch\",\"color\":\"dark_red\",\"italic\":false}',Lore:['{\"text\":\"Cooler on the inside\",\"color\":\"dark_gray\"}']}}"
                      }
                  ],
                  "weight": 1
              },
              {
                  "type": "minecraft:item",
                  "name": "minecraft:bundle",
                  "functions": [
                      {
                          "function": "minecraft:set_nbt",
                          "tag": "{CustomModelData:4276942,Fireproof:1b,Enchantments:[{}],Items:[{id:\"minecraft:netherite_scrap\",Count:6b}],display:{Name:'{\"text\":\"Crimson pouch\",\"color\":\"dark_red\",\"italic\":false}',Lore:['{\"text\":\"Cooler on the inside\",\"color\":\"dark_gray\"}']}}"
                      }
                  ],
                  "weight": 1
              },
              {
                  "type": "minecraft:item",
                  "name": "minecraft:bundle",
                  "functions": [
                      {
                          "function": "minecraft:set_nbt",
                          "tag": "{CustomModelData:4276942,Fireproof:1b,Enchantments:[{}],Items:[{id:\"minecraft:ancient_debris\",Count:3b},{id:\"minecraft:structure_void\",Count:1b,tag:{CustomModelData:4276930,Fireproof:1b,Tablet:1b,display:{Name:'{\"text\":\"Ancient tablet\",\"color\":\"gold\"}',Lore:['{\"text\":\"I wonder...\",\"color\":\"purple\"}']}}}],display:{Name:'{\"text\":\"Crimson pouch\",\"color\":\"dark_red\",\"italic\":false}',Lore:['{\"text\":\"Cooler on the inside\",\"color\":\"dark_gray\"}']}}"
                      }
                  ],
                  "weight": 1
              },
              {
                  "type": "minecraft:item",
                  "name": "minecraft:bundle",
                  "functions": [
                      {
                          "function": "minecraft:set_nbt",
                          "tag": "{CustomModelData:4276942,Fireproof:1b,Enchantments:[{}],Items:[{id:\"minecraft:ancient_debris\",Count:2b},{id:\"minecraft:netherite_scrap\",Count:3b}],display:{Name:'{\"text\":\"Crimson pouch\",\"color\":\"dark_red\",\"italic\":false}',Lore:['{\"text\":\"Cooler on the inside\",\"color\":\"dark_gray\"}']}}"
                      }
                  ],
                  "weight": 1
              },
              {
                  "type": "minecraft:item",
                  "name": "minecraft:bundle",
                  "functions": [
                      {
                          "function": "minecraft:set_nbt",
                          "tag": "{CustomModelData:4276942,Fireproof:1b,Enchantments:[{}],Items:[{id:\"minecraft:ancient_debris\",Count:1b},{id:\"minecraft:netherite_scrap\",Count:7b}],display:{Name:'{\"text\":\"Crimson pouch\",\"color\":\"dark_red\",\"italic\":false}',Lore:['{\"text\":\"Cooler on the inside\",\"color\":\"dark_gray\"}']}}"
                      }
                  ],
                  "weight": 1
              },
              {
                  "type": "minecraft:item",
                  "name": "minecraft:bundle",
                  "functions": [
                      {
                          "function": "minecraft:set_nbt",
                          "tag": "{CustomModelData:4276942,Fireproof:1b,Enchantments:[{}],Items:[{id:\"minecraft:ancient_debris\",Count:2b},{id:\"minecraft:netherite_scrap\",Count:6b},{id:\"minecraft:netherite_ingot\",Count:3b}],display:{Name:'{\"text\":\"Crimson pouch\",\"color\":\"dark_red\",\"italic\":false}',Lore:['{\"text\":\"Cooler on the inside\",\"color\":\"dark_gray\"}']}}"
                      }
                  ],
                  "weight": 1
              },
              {
                  "type": "minecraft:item",
                  "name": "minecraft:bundle",
                  "functions": [
                      {
                          "function": "minecraft:set_nbt",
                          "tag": "{CustomModelData:4276942,Fireproof:1b,Enchantments:[{}],Items:[{id:\"minecraft:netherite_scrap\",Count:1b},{id:\"minecraft:ancient_debris\",Count:5b},{id:\"minecraft:netherite_ingot\",Count:4b}],display:{Name:'{\"text\":\"Crimson pouch\",\"color\":\"dark_red\",\"italic\":false}',Lore:['{\"text\":\"Cooler on the inside\",\"color\":\"dark_gray\"}']}}"
                      }
                  ],
                  "weight": 1
              },
              {
                  "type": "minecraft:item",
                  "name": "minecraft:bundle",
                  "functions": [
                      {
                          "function": "minecraft:set_nbt",
                          "tag": "{CustomModelData:4276942,Fireproof:1b,Enchantments:[{}],Items:[{id:\"minecraft:netherite_ingot\",Count:6b}],display:{Name:'{\"text\":\"Crimson pouch\",\"color\":\"dark_red\",\"italic\":false}',Lore:['{\"text\":\"Cooler on the inside\",\"color\":\"dark_gray\"}']}}"
                      }
                  ],
                  "weight": 1
              },
              {
                  "type": "minecraft:item",
                  "name": "minecraft:bundle",
                  "functions": [
                      {
                          "function": "minecraft:set_nbt",
                          "tag": "{CustomModelData:4276942,Fireproof:1b,Enchantments:[{}],Items:[{id:\"minecraft:netherite_ingot\",Count:4b}],display:{Name:'{\"text\":\"Crimson pouch\",\"color\":\"dark_red\",\"italic\":false}',Lore:['{\"text\":\"Cooler on the inside\",\"color\":\"dark_gray\"}']}}"
                      }
                  ],
                  "weight": 1
              },
              {
                  "type": "minecraft:item",
                  "name": "minecraft:bundle",
                  "functions": [
                      {
                          "function": "minecraft:set_nbt",
                          "tag": "{CustomModelData:4276942,Fireproof:1b,Enchantments:[{}],Items:[{id:\"minecraft:netherite_ingot\",Count:3b}],display:{Name:'{\"text\":\"Crimson pouch\",\"color\":\"dark_red\",\"italic\":false}',Lore:['{\"text\":\"Cooler on the inside\",\"color\":\"dark_gray\"}']}}"
                      }
                  ],
                  "weight": 1
              },
              {
                  "type": "minecraft:item",
                  "name": "minecraft:bundle",
                  "functions": [
                      {
                          "function": "minecraft:set_nbt",
                          "tag": "{CustomModelData:4276942,Fireproof:1b,Enchantments:[{}],Items:[{id:\"minecraft:netherite_ingot\",Count:2b}],display:{Name:'{\"text\":\"Crimson pouch\",\"color\":\"dark_red\",\"italic\":false}',Lore:['{\"text\":\"Cooler on the inside\",\"color\":\"dark_gray\"}']}}"
                      }
                  ],
                  "weight": 1
              },
              {
                  "type": "minecraft:item",
                  "name": "minecraft:bundle",
                  "functions": [
                      {
                          "function": "minecraft:set_nbt",
                          "tag": "{CustomModelData:4276942,Fireproof:1b,Enchantments:[{}],Items:[{id:\"minecraft:netherite_ingot\",Count:1b},{id:\"minecraft:structure_void\",Count:1b,tag:{CustomModelData:4276930,Fireproof:1b,Tablet:1b,display:{Name:'{\"text\":\"Ancient tablet\",\"color\":\"gold\"}',Lore:['{\"text\":\"I wonder...\",\"color\":\"purple\"}']}}}],display:{Name:'{\"text\":\"Crimson pouch\",\"color\":\"dark_red\",\"italic\":false}',Lore:['{\"text\":\"Cooler on the inside\",\"color\":\"dark_gray\"}']}}"
                      }
                  ],
                  "weight": 1
              },
              {
                  "type": "minecraft:item",
                  "name": "minecraft:bundle",
                  "functions": [
                      {
                          "function": "minecraft:set_nbt",
                          "tag": "{CustomModelData:4276942,Fireproof:1b,Enchantments:[{}],Items:[{id:\"minecraft:netherite_upgrade_smithing_template\",Count:1b}],display:{Name:'{\"text\":\"Crimson pouch\",\"color\":\"dark_red\",\"italic\":false}',Lore:['{\"text\":\"Cooler on the inside\",\"color\":\"dark_gray\"}']}}"
                      }
                  ],
                  "weight": 1
              },
              {
                  "type": "minecraft:item",
                  "name": "minecraft:bundle",
                  "functions": [
                      {
                          "function": "minecraft:set_nbt",
                          "tag": "{CustomModelData:4276942,Fireproof:1b,Enchantments:[{}],Items:[{id:\"minecraft:enchanted_golden_apple\",Count:1b}],display:{Name:'{\"text\":\"Crimson pouch\",\"color\":\"dark_red\",\"italic\":false}',Lore:['{\"text\":\"Cooler on the inside\",\"color\":\"dark_gray\"}']}}"
                      }
                  ],
                  "weight": 1
              },
              {
                  "type": "minecraft:item",
                  "name": "minecraft:bundle",
                  "functions": [
                      {
                          "function": "minecraft:set_nbt",
                          "tag": "{CustomModelData:4276942,Fireproof:1b,Enchantments:[{}],Items:[{id:\"minecraft:netherite_scrap\",Count:2b},{id:\"minecraft:ancient_debris\",Count:3b},{id:\"minecraft:netherite_ingot\",Count:4b},{id:\"minecraft:enchanted_golden_apple\",Count:1b},],display:{Name:'{\"text\":\"Crimson pouch\",\"color\":\"dark_red\",\"italic\":false}',Lore:['{\"text\":\"Cooler on the inside\",\"color\":\"dark_gray\"}']}}"
                      }
                  ],
                  "weight": 1
              },
              {
                  "type": "minecraft:item",
                  "name": "minecraft:bundle",
                  "functions": [
                      {
                          "function": "minecraft:set_nbt",
                          "tag": "{CustomModelData:4276942,Fireproof:1b,Enchantments:[{}],Items:[{id:\"minecraft:ancient_debris\",Count:4b},{id:\"minecraft:netherite_ingot\",Count:7b},{id:\"minecraft:enchanted_golden_apple\",Count:1b},{id:\"minecraft:structure_void\",Count:1b,tag:{CustomModelData:4276930,Fireproof:1b,Tablet:1b,display:{Name:'{\"text\":\"Ancient tablet\",\"color\":\"gold\"}',Lore:['{\"text\":\"I wonder...\",\"color\":\"purple\"}']}}}],display:{Name:'{\"text\":\"Crimson pouch\",\"color\":\"dark_red\",\"italic\":false}',Lore:['{\"text\":\"Cooler on the inside\",\"color\":\"dark_gray\"}']}}"
                      }
                  ],
                  "weight": 1
              }
          ]
      }
  ]
}