{
  "type": "minecraft:fishing",
  "pools": [
    {
      "rolls": 1,
      "entries": [
          {
              "type": "minecraft:item",
              "name": "minecraft:bundle",
              "functions": [
                  {
                      "function": "minecraft:set_nbt",
                      "tag": "{CustomModelData:4276942,Fireproof:1b,Enchantments:[{}],Items:[{id:\"minecraft:diamond\",Count:2b},{id:\"minecraft:gold_ingot\",Count:4b},{id:\"minecraft:blaze_powder\",Count:3b}],display:{Name:'{\"text\":\"Crimson pouch\",\"color\":\"dark_red\",\"italic\":false}',Lore:['{\"text\":\"Cooler on the inside\",\"color\":\"dark_gray\"}']}}"
                  }
              ],
              "weight": 1
            },
            {
              "type": "minecraft:item",
              "name": "minecraft:bundle",
              "functions": [
                  {
                      "function": "minecraft:set_nbt",
                      "tag": "{CustomModelData:4276942,Fireproof:1b,Enchantments:[{}],Items:[{id:\"minecraft:gold_ingot\",Count:2b},{id:\"minecraft:gold_nugget\",Count:8b},{id:\"minecraft:diamond\",Count:4b}],display:{Name:'{\"text\":\"Crimson pouch\",\"color\":\"dark_red\",\"italic\":false}',Lore:['{\"text\":\"Cooler on the inside\",\"color\":\"dark_gray\"}']}}"
                  }
              ],
              "weight": 1
            },
            {
              "type": "minecraft:item",
              "name": "minecraft:bundle",
              "functions": [
                  {
                      "function": "minecraft:set_nbt",
                      "tag": "{CustomModelData:4276942,Fireproof:1b,Enchantments:[{}],Items:[{id:\"minecraft:ender_eye\",Count:2b},{id:\"minecraft:blaze_rod\",Count:4b},{id:\"minecraft:bone_block\",Count:2b}],display:{Name:'{\"text\":\"Crimson pouch\",\"color\":\"dark_red\",\"italic\":false}',Lore:['{\"text\":\"Cooler on the inside\",\"color\":\"dark_gray\"}']}}"
                  }
              ],
              "weight": 1
            },
            {
              "type": "minecraft:item",
              "name": "minecraft:bundle",
              "functions": [
                  {
                      "function": "minecraft:set_nbt",
                      "tag": "{CustomModelData:4276942,Fireproof:1b,Enchantments:[{}],Items:[{id:\"minecraft:diamond\",Count:2b},{id:\"minecraft:ender_pearl\",Count:3b},{id:\"minecraft:coal_block\",Count:1b},{id:\"minecraft:structure_void\",Count:1b,tag:{CustomModelData:4276930,Fireproof:1b,Tablet:1b,display:{Name:'{\"text\":\"Ancient tablet\",\"color\":\"gold\"}',Lore:['{\"text\":\"I wonder...\",\"color\":\"purple\"}']}}}],display:{Name:'{\"text\":\"Crimson pouch\",\"color\":\"dark_red\",\"italic\":false}',Lore:['{\"text\":\"Cooler on the inside\",\"color\":\"dark_gray\"}']}}"
                  }
              ],
              "weight": 1
            },
            {
              "type": "minecraft:item",
              "name": "minecraft:bundle",
              "functions": [
                  {
                      "function": "minecraft:set_nbt",
                      "tag": "{CustomModelData:4276942,Fireproof:1b,Enchantments:[{}],Items:[{id:\"minecraft:gilded_blackstone\",Count:2b},{id:\"minecraft:crying_obsidian\",Count:3b},{id:\"minecraft:blaze_rod\",Count:4b},{id:\"minecraft:structure_void\",Count:1b,tag:{CustomModelData:4276930,Fireproof:1b,Tablet:1b,display:{Name:'{\"text\":\"Ancient tablet\",\"color\":\"gold\"}',Lore:['{\"text\":\"I wonder...\",\"color\":\"purple\"}']}}}],display:{Name:'{\"text\":\"Crimson pouch\",\"color\":\"dark_red\",\"italic\":false}',Lore:['{\"text\":\"Cooler on the inside\",\"color\":\"dark_gray\"}']}}"
                  }
              ],
              "weight": 1
            },
            {
              "type": "minecraft:item",
              "name": "minecraft:bundle",
              "functions": [
                  {
                      "function": "minecraft:set_nbt",
                      "tag": "{CustomModelData:4276942,Fireproof:1b,Enchantments:[{}],Items:[{id:\"minecraft:gold_ingot\",Count:2b},{id:\"minecraft:gold_nugget\",Count:8b},{id:\"minecraft:diamond\",Count:4b}],display:{Name:'{\"text\":\"Crimson pouch\",\"color\":\"dark_red\",\"italic\":false}',Lore:['{\"text\":\"Cooler on the inside\",\"color\":\"dark_gray\"}']}}"
                  }
              ],
              "weight": 1
            },
            {
              "type": "minecraft:item",
              "name": "minecraft:bundle",
              "functions": [
                  {
                      "function": "minecraft:set_nbt",
                      "tag": "{CustomModelData:4276942,Fireproof:1b,Enchantments:[{}],Items:[{id:\"minecraft:ender_eye\",Count:2b},{id:\"minecraft:blaze_rod\",Count:4b},{id:\"minecraft:bone_block\",Count:2b}],display:{Name:'{\"text\":\"Crimson pouch\",\"color\":\"dark_red\",\"italic\":false}',Lore:['{\"text\":\"Cooler on the inside\",\"color\":\"dark_gray\"}']}}"
                  }
              ],
              "weight": 1
            },
            {
              "type": "minecraft:item",
              "name": "minecraft:bundle",
              "functions": [
                  {
                      "function": "minecraft:set_nbt",
                      "tag": "{CustomModelData:4276942,Fireproof:1b,Enchantments:[{}],Items:[{id:\"minecraft:diamond\",Count:2b},{id:\"minecraft:ender_pearl\",Count:3b},{id:\"minecraft:coal_block\",Count:1b},{id:\"minecraft:structure_void\",Count:1b,tag:{CustomModelData:4276930,Fireproof:1b,Tablet:1b,display:{Name:'{\"text\":\"Ancient tablet\",\"color\":\"gold\"}',Lore:['{\"text\":\"I wonder...\",\"color\":\"purple\"}']}}}],display:{Name:'{\"text\":\"Crimson pouch\",\"color\":\"dark_red\",\"italic\":false}',Lore:['{\"text\":\"Cooler on the inside\",\"color\":\"dark_gray\"}']}}"
                  }
              ],
              "weight": 1
            },
            {
              "type": "minecraft:item",
              "name": "minecraft:bundle",
              "functions": [
                  {
                      "function": "minecraft:set_nbt",
                      "tag": "{CustomModelData:4276942,Fireproof:1b,Enchantments:[{}],Items:[{id:\"minecraft:blaze_powder\",Count:2b},{id:\"minecraft:diamond\",Count:3b},{id:\"minecraft:blaze_rod\",Count:4b}],display:{Name:'{\"text\":\"Crimson pouch\",\"color\":\"dark_red\",\"italic\":false}',Lore:['{\"text\":\"Cooler on the inside\",\"color\":\"dark_gray\"}']}}"
                  }
              ],
              "weight": 1
            },
            {
              "type": "minecraft:item",
              "name": "minecraft:bundle",
              "functions": [
                  {
                      "function": "minecraft:set_nbt",
                      "tag": "{CustomModelData:4276942,Fireproof:1b,Enchantments:[{}],Items:[{id:\"minecraft:ender_eye\",Count:2b},{id:\"minecraft:bone_block\",Count:4b},{id:\"minecraft:coal\",Count:2b}],display:{Name:'{\"text\":\"Crimson pouch\",\"color\":\"dark_red\",\"italic\":false}',Lore:['{\"text\":\"Cooler on the inside\",\"color\":\"dark_gray\"}']}}"
                  }
              ],
              "weight": 1
            },
            {
              "type": "minecraft:item",
              "name": "minecraft:bundle",
              "functions": [
                  {
                      "function": "minecraft:set_nbt",
                      "tag": "{CustomModelData:4276942,Fireproof:1b,Enchantments:[{}],Items:[{id:\"minecraft:diamond\",Count:2b},{id:\"minecraft:gilded_blackstone\",Count:3b},{id:\"minecraft:blaze_rod\",Count:1b}],display:{Name:'{\"text\":\"Crimson pouch\",\"color\":\"dark_red\",\"italic\":false}',Lore:['{\"text\":\"Cooler on the inside\",\"color\":\"dark_gray\"}']}}"
                  }
              ],
              "weight": 1
            },
            {
              "type": "minecraft:item",
              "name": "minecraft:bundle",
              "functions": [
                  {
                      "function": "minecraft:set_nbt",
                      "tag": "{CustomModelData:4276942,Fireproof:1b,Enchantments:[{}],Items:[{id:\"minecraft:blaze_powder\",Count:2b},{id:\"minecraft:diamond\",Count:3b},{id:\"minecraft:blaze_rod\",Count:4b},{id:\"minecraft:structure_void\",Count:1b,tag:{CustomModelData:4276930,Fireproof:1b,Tablet:1b,display:{Name:'{\"text\":\"Ancient tablet\",\"color\":\"gold\"}',Lore:['{\"text\":\"I wonder...\",\"color\":\"purple\"}']}}}],display:{Name:'{\"text\":\"Crimson pouch\",\"color\":\"dark_red\",\"italic\":false}',Lore:['{\"text\":\"Cooler on the inside\",\"color\":\"dark_gray\"}']}}"
                  }
              ],
              "weight": 1
            },
            {
              "type": "minecraft:item",
              "name": "minecraft:bundle",
              "functions": [
                  {
                      "function": "minecraft:set_nbt",
                      "tag": "{CustomModelData:4276942,Fireproof:1b,Enchantments:[{}],Items:[{id:\"minecraft:structure_void\",Count:4b,tag:{CustomModelData:4276930,Fireproof:1b,Tablet:1b,display:{Name:'{\"text\":\"Ancient tablet\",\"color\":\"gold\"}',Lore:['{\"text\":\"I wonder...\",\"color\":\"purple\"}']}}}],display:{Name:'{\"text\":\"Crimson pouch\",\"color\":\"dark_red\",\"italic\":false}',Lore:['{\"text\":\"Cooler on the inside\",\"color\":\"dark_gray\"}']}}"
                  }
              ],
              "weight": 1
          },
          {
              "type": "minecraft:item",
              "name": "minecraft:bundle",
              "functions": [
                  {
                      "function": "minecraft:set_nbt",
                      "tag": "{CustomModelData:4276942,Fireproof:1b,Enchantments:[{}],Items:[{id:\"minecraft:structure_void\",Count:3b,tag:{CustomModelData:4276930,Fireproof:1b,Tablet:1b,display:{Name:'{\"text\":\"Ancient tablet\",\"color\":\"gold\"}',Lore:['{\"text\":\"I wonder...\",\"color\":\"purple\"}']}}}],display:{Name:'{\"text\":\"Crimson pouch\",\"color\":\"dark_red\",\"italic\":false}',Lore:['{\"text\":\"Cooler on the inside\",\"color\":\"dark_gray\"}']}}"
                  }
              ],
              "weight": 1
          },
          {
              "type": "minecraft:item",
              "name": "minecraft:bundle",
              "functions": [
                  {
                      "function": "minecraft:set_nbt",
                      "tag": "{CustomModelData:4276942,Fireproof:1b,Enchantments:[{}],Items:[{id:\"minecraft:bone_block\",Count:2b},{id:\"minecraft:structure_void\",Count:1b,tag:{CustomModelData:4276930,Fireproof:1b,Tablet:1b,display:{Name:'{\"text\":\"Ancient tablet\",\"color\":\"gold\"}',Lore:['{\"text\":\"I wonder...\",\"color\":\"purple\"}']}}}],display:{Name:'{\"text\":\"Crimson pouch\",\"color\":\"dark_red\",\"italic\":false}',Lore:['{\"text\":\"Cooler on the inside\",\"color\":\"dark_gray\"}']}}"
                  }
              ],
              "weight": 1
          },
          {
              "type": "minecraft:item",
              "name": "minecraft:bundle",
              "functions": [
                  {
                      "function": "minecraft:set_nbt",
                      "tag": "{CustomModelData:4276942,Fireproof:1b,Enchantments:[{}],Items:[{id:\"minecraft:bone_block\",Count:1b},{id:\"minecraft:structure_void\",Count:3b,tag:{CustomModelData:4276930,Fireproof:1b,Tablet:1b,display:{Name:'{\"text\":\"Ancient tablet\",\"color\":\"gold\"}',Lore:['{\"text\":\"I wonder...\",\"color\":\"purple\"}']}}}],display:{Name:'{\"text\":\"Crimson pouch\",\"color\":\"dark_red\",\"italic\":false}',Lore:['{\"text\":\"Cooler on the inside\",\"color\":\"dark_gray\"}']}}"
                  }
              ],
              "weight": 1
          },
          {
              "type": "minecraft:item",
              "name": "minecraft:bundle",
              "functions": [
                  {
                      "function": "minecraft:set_nbt",
                      "tag": "{CustomModelData:4276942,Fireproof:1b,Enchantments:[{}],Items:[{id:\"minecraft:structure_void\",Count:1b,tag:{CustomModelData:4276930,Fireproof:1b,Tablet:1b,display:{Name:'{\"text\":\"Ancient tablet\",\"color\":\"gold\"}',Lore:['{\"text\":\"I wonder...\",\"color\":\"purple\"}']}}}],display:{Name:'{\"text\":\"Crimson pouch\",\"color\":\"dark_red\",\"italic\":false}',Lore:['{\"text\":\"Cooler on the inside\",\"color\":\"dark_gray\"}']}}"
                  }
              ],
              "weight": 1
          },
          {
              "type": "minecraft:item",
              "name": "minecraft:bundle",
              "functions": [
                  {
                      "function": "minecraft:set_nbt",
                      "tag": "{CustomModelData:4276942,Fireproof:1b,Enchantments:[{}],Items:[{id:\"minecraft:bone_block\",Count:4b}],display:{Name:'{\"text\":\"Crimson pouch\",\"color\":\"dark_red\",\"italic\":false}',Lore:['{\"text\":\"Cooler on the inside\",\"color\":\"dark_gray\"}']}}"
                  }
              ],
              "weight": 1
          },
          {
              "type": "minecraft:item",
              "name": "minecraft:bundle",
              "functions": [
                  {
                      "function": "minecraft:set_nbt",
                      "tag": "{CustomModelData:4276942,Fireproof:1b,Enchantments:[{}],Items:[{id:\"minecraft:bone_block\",Count:6b}],display:{Name:'{\"text\":\"Crimson pouch\",\"color\":\"dark_red\",\"italic\":false}',Lore:['{\"text\":\"Cooler on the inside\",\"color\":\"dark_gray\"}']}}"
                  }
              ],
              "weight": 1
          },
          {
              "type": "minecraft:item",
              "name": "minecraft:bundle",
              "functions": [
                  {
                      "function": "minecraft:set_nbt",
                      "tag": "{CustomModelData:4276942,Fireproof:1b,Enchantments:[{}],Items:[{id:\"minecraft:bone_block\",Count:3b}],display:{Name:'{\"text\":\"Crimson pouch\",\"color\":\"dark_red\",\"italic\":false}',Lore:['{\"text\":\"Cooler on the inside\",\"color\":\"dark_gray\"}']}}"
                  }
              ],
              "weight": 1
          },
          {
              "type": "minecraft:item",
              "name": "minecraft:bundle",
              "functions": [
                  {
                      "function": "minecraft:set_nbt",
                      "tag": "{CustomModelData:4276942,Fireproof:1b,Enchantments:[{}],Items:[{id:\"minecraft:blaze_powder\",Count:6b}],display:{Name:'{\"text\":\"Crimson pouch\",\"color\":\"dark_red\",\"italic\":false}',Lore:['{\"text\":\"Cooler on the inside\",\"color\":\"dark_gray\"}']}}"
                  }
              ],
              "weight": 1
          },
          {
              "type": "minecraft:item",
              "name": "minecraft:bundle",
              "functions": [
                  {
                      "function": "minecraft:set_nbt",
                      "tag": "{CustomModelData:4276942,Fireproof:1b,Enchantments:[{}],Items:[{id:\"minecraft:bone_block\",Count:3b},{id:\"minecraft:structure_void\",Count:1b,tag:{CustomModelData:4276930,Fireproof:1b,Tablet:1b,display:{Name:'{\"text\":\"Ancient tablet\",\"color\":\"gold\"}',Lore:['{\"text\":\"I wonder...\",\"color\":\"purple\"}']}}}],display:{Name:'{\"text\":\"Crimson pouch\",\"color\":\"dark_red\",\"italic\":false}',Lore:['{\"text\":\"Cooler on the inside\",\"color\":\"dark_gray\"}']}}"
                  }
              ],
              "weight": 1
          },
          {
              "type": "minecraft:item",
              "name": "minecraft:bundle",
              "functions": [
                  {
                      "function": "minecraft:set_nbt",
                      "tag": "{CustomModelData:4276942,Fireproof:1b,Enchantments:[{}],Items:[{id:\"minecraft:bone_block\",Count:2b},{id:\"minecraft:blaze_powder\",Count:3b}],display:{Name:'{\"text\":\"Crimson pouch\",\"color\":\"dark_red\",\"italic\":false}',Lore:['{\"text\":\"Cooler on the inside\",\"color\":\"dark_gray\"}']}}"
                  }
              ],
              "weight": 1
          },
          {
              "type": "minecraft:item",
              "name": "minecraft:bundle",
              "functions": [
                  {
                      "function": "minecraft:set_nbt",
                      "tag": "{CustomModelData:4276942,Fireproof:1b,Enchantments:[{}],Items:[{id:\"minecraft:bone_block\",Count:1b},{id:\"minecraft:blaze_powder\",Count:7b}],display:{Name:'{\"text\":\"Crimson pouch\",\"color\":\"dark_red\",\"italic\":false}',Lore:['{\"text\":\"Cooler on the inside\",\"color\":\"dark_gray\"}']}}"
                  }
              ],
              "weight": 1
          },
          {
              "type": "minecraft:item",
              "name": "minecraft:bundle",
              "functions": [
                  {
                      "function": "minecraft:set_nbt",
                      "tag": "{CustomModelData:4276942,Fireproof:1b,Enchantments:[{}],Items:[{id:\"minecraft:bone_block\",Count:2b},{id:\"minecraft:blaze_powder\",Count:6b},{id:\"minecraft:gilded_blackstone\",Count:3b}],display:{Name:'{\"text\":\"Crimson pouch\",\"color\":\"dark_red\",\"italic\":false}',Lore:['{\"text\":\"Cooler on the inside\",\"color\":\"dark_gray\"}']}}"
                  }
              ],
              "weight": 1
          },
          {
              "type": "minecraft:item",
              "name": "minecraft:bundle",
              "functions": [
                  {
                      "function": "minecraft:set_nbt",
                      "tag": "{CustomModelData:4276942,Fireproof:1b,Enchantments:[{}],Items:[{id:\"minecraft:blaze_powder\",Count:1b},{id:\"minecraft:bone_block\",Count:5b},{id:\"minecraft:gilded_blackstone\",Count:4b}],display:{Name:'{\"text\":\"Crimson pouch\",\"color\":\"dark_red\",\"italic\":false}',Lore:['{\"text\":\"Cooler on the inside\",\"color\":\"dark_gray\"}']}}"
                  }
              ],
              "weight": 1
          },
          {
              "type": "minecraft:item",
              "name": "minecraft:bundle",
              "functions": [
                  {
                      "function": "minecraft:set_nbt",
                      "tag": "{CustomModelData:4276942,Fireproof:1b,Enchantments:[{}],Items:[{id:\"minecraft:gilded_blackstone\",Count:6b}],display:{Name:'{\"text\":\"Crimson pouch\",\"color\":\"dark_red\",\"italic\":false}',Lore:['{\"text\":\"Cooler on the inside\",\"color\":\"dark_gray\"}']}}"
                  }
              ],
              "weight": 1
          },
          {
              "type": "minecraft:item",
              "name": "minecraft:bundle",
              "functions": [
                  {
                      "function": "minecraft:set_nbt",
                      "tag": "{CustomModelData:4276942,Fireproof:1b,Enchantments:[{}],Items:[{id:\"minecraft:gilded_blackstone\",Count:4b},{id:\"minecraft:structure_void\",Count:1b,tag:{CustomModelData:4276930,Fireproof:1b,Tablet:1b,display:{Name:'{\"text\":\"Ancient tablet\",\"color\":\"gold\"}',Lore:['{\"text\":\"I wonder...\",\"color\":\"purple\"}']}}}],display:{Name:'{\"text\":\"Crimson pouch\",\"color\":\"dark_red\",\"italic\":false}',Lore:['{\"text\":\"Cooler on the inside\",\"color\":\"dark_gray\"}']}}"
                  }
              ],
              "weight": 1
          },
          {
              "type": "minecraft:item",
              "name": "minecraft:bundle",
              "functions": [
                  {
                      "function": "minecraft:set_nbt",
                      "tag": "{CustomModelData:4276942,Fireproof:1b,Enchantments:[{}],Items:[{id:\"minecraft:gilded_blackstone\",Count:3b}],display:{Name:'{\"text\":\"Crimson pouch\",\"color\":\"dark_red\",\"italic\":false}',Lore:['{\"text\":\"Cooler on the inside\",\"color\":\"dark_gray\"}']}}"
                  }
              ],
              "weight": 1
          },
          {
              "type": "minecraft:item",
              "name": "minecraft:bundle",
              "functions": [
                  {
                      "function": "minecraft:set_nbt",
                      "tag": "{CustomModelData:4276942,Fireproof:1b,Enchantments:[{}],Items:[{id:\"minecraft:gilded_blackstone\",Count:2b}],display:{Name:'{\"text\":\"Crimson pouch\",\"color\":\"dark_red\",\"italic\":false}',Lore:['{\"text\":\"Cooler on the inside\",\"color\":\"dark_gray\"}']}}"
                  }
              ],
              "weight": 1
          },
          {
              "type": "minecraft:item",
              "name": "minecraft:bundle",
              "functions": [
                  {
                      "function": "minecraft:set_nbt",
                      "tag": "{CustomModelData:4276942,Fireproof:1b,Enchantments:[{}],Items:[{id:\"minecraft:gilded_blackstone\",Count:1b},{id:\"minecraft:structure_void\",Count:1b,tag:{CustomModelData:4276930,Fireproof:1b,Tablet:1b,display:{Name:'{\"text\":\"Ancient tablet\",\"color\":\"gold\"}',Lore:['{\"text\":\"I wonder...\",\"color\":\"purple\"}']}}}],display:{Name:'{\"text\":\"Crimson pouch\",\"color\":\"dark_red\",\"italic\":false}',Lore:['{\"text\":\"Cooler on the inside\",\"color\":\"dark_gray\"}']}}"
                  }
              ],
              "weight": 1
          },
          {
              "type": "minecraft:item",
              "name": "minecraft:bundle",
              "functions": [
                  {
                      "function": "minecraft:set_nbt",
                      "tag": "{CustomModelData:4276942,Fireproof:1b,Enchantments:[{}],Items:[{id:\"minecraft:magma_block\",Count:1b}],display:{Name:'{\"text\":\"Crimson pouch\",\"color\":\"dark_red\",\"italic\":false}',Lore:['{\"text\":\"Cooler on the inside\",\"color\":\"dark_gray\"}']}}"
                  }
              ],
              "weight": 1
          },
          {
              "type": "minecraft:item",
              "name": "minecraft:bundle",
              "functions": [
                  {
                      "function": "minecraft:set_nbt",
                      "tag": "{CustomModelData:4276942,Fireproof:1b,Enchantments:[{}],Items:[{id:\"minecraft:soul_soil\",Count:1b}],display:{Name:'{\"text\":\"Crimson pouch\",\"color\":\"dark_red\",\"italic\":false}',Lore:['{\"text\":\"Cooler on the inside\",\"color\":\"dark_gray\"}']}}"
                  }
              ],
              "weight": 1
          },
          {
              "type": "minecraft:item",
              "name": "minecraft:bundle",
              "functions": [
                  {
                      "function": "minecraft:set_nbt",
                      "tag": "{CustomModelData:4276942,Fireproof:1b,Enchantments:[{}],Items:[{id:\"minecraft:soul_sand\",Count:1b}],display:{Name:'{\"text\":\"Crimson pouch\",\"color\":\"dark_red\",\"italic\":false}',Lore:['{\"text\":\"Cooler on the inside\",\"color\":\"dark_gray\"}']}}"
                  }
              ],
              "weight": 1
          },
          {
              "type": "minecraft:item",
              "name": "minecraft:bundle",
              "functions": [
                  {
                      "function": "minecraft:set_nbt",
                      "tag": "{CustomModelData:4276942,Fireproof:1b,Enchantments:[{}],Items:[{id:\"minecraft:soul_lantern\",Count:1b}],display:{Name:'{\"text\":\"Crimson pouch\",\"color\":\"dark_red\",\"italic\":false}',Lore:['{\"text\":\"Cooler on the inside\",\"color\":\"dark_gray\"}']}}"
                  }
              ],
              "weight": 1
          },
          {
              "type": "minecraft:item",
              "name": "minecraft:bundle",
              "functions": [
                  {
                      "function": "minecraft:set_nbt",
                      "tag": "{CustomModelData:4276942,Fireproof:1b,Enchantments:[{}],Items:[{id:\"minecraft:diamond\",Count:1b}],display:{Name:'{\"text\":\"Crimson pouch\",\"color\":\"dark_red\",\"italic\":false}',Lore:['{\"text\":\"Cooler on the inside\",\"color\":\"dark_gray\"}']}}"
                  }
              ],
              "weight": 1
          },
          {
              "type": "minecraft:item",
              "name": "minecraft:bundle",
              "functions": [
                  {
                      "function": "minecraft:set_nbt",
                      "tag": "{CustomModelData:4276942,Fireproof:1b,Enchantments:[{}],Items:[{id:\"minecraft:blaze_powder\",Count:2b},{id:\"minecraft:bone_block\",Count:3b},{id:\"minecraft:gilded_blackstone\",Count:4b},{id:\"minecraft:diamond\",Count:1b},],display:{Name:'{\"text\":\"Crimson pouch\",\"color\":\"dark_red\",\"italic\":false}',Lore:['{\"text\":\"Cooler on the inside\",\"color\":\"dark_gray\"}']}}"
                  }
              ],
              "weight": 1
          },
          {
              "type": "minecraft:item",
              "name": "minecraft:bundle",
              "functions": [
                  {
                      "function": "minecraft:set_nbt",
                      "tag": "{CustomModelData:4276942,Fireproof:1b,Enchantments:[{}],Items:[{id:\"minecraft:bone_block\",Count:4b},{id:\"minecraft:gilded_blackstone\",Count:7b},{id:\"minecraft:diamond\",Count:1b},{id:\"minecraft:structure_void\",Count:1b,tag:{CustomModelData:4276930,Fireproof:1b,Tablet:1b,display:{Name:'{\"text\":\"Ancient tablet\",\"color\":\"gold\"}',Lore:['{\"text\":\"I wonder...\",\"color\":\"purple\"}']}}}],display:{Name:'{\"text\":\"Crimson pouch\",\"color\":\"dark_red\",\"italic\":false}',Lore:['{\"text\":\"Cooler on the inside\",\"color\":\"dark_gray\"}']}}"
                  }
              ],
              "weight": 1
          }
      ]
  }
]
}