{
  "display": {
    "icon": {
      "item": "minecraft:dried_kelp"
    },
    "title": {
      "translate": ""
    },
    "description": {
      "translate": ""
    },
    "frame": "challenge",
    "show_toast": false,
    "announce_to_chat": false,
    "hidden": true
  },
  "parent": "minecraft:adventure/root",
  "criteria": {
    "Addiction": {
      "trigger": "minecraft:consume_item",
      "conditions": {
        "item": {
          "item": "minecraft:dried_kelp",
          "nbt": "{CustomModelData:4276926}"
        }
      }
    }
  },
  "rewards": {
    "function": "infernal_fishing:snail"
  }
}