{
    "parent": "item/generated",
    "textures": { "layer0": "item/brush" },
    "display": {
        "firstperson_lefthand": {
          "rotation": [ 55, -85, 0 ],
          "translation": [ 8.0, 0.5, -5.5 ],
          "scale": [ 1.0, 1.0, 1.0 ]},
        "thirdperson_righthand": {
          "rotation": [ 0, 0, 45 ],
          "translation": [ 0, 4, 0 ],
          "scale": [ 0.9, 0.9, 0.9 ]},
        "thirdperson_lefthand": {
          "rotation": [ 0, 0, -45 ],
          "translation": [ 0, 4, 0 ],
          "scale": [ 0.9, 0.9, 0.9 ]}},
    "overrides": [
      { "predicate": { "brushing": 0.25 }, 
        "model": "item/brush_brushing_0" },
      { "predicate": { "brushing": 0.50 }, 
        "model": "item/brush_brushing_1" },
      { "predicate": { "brushing": 0.75 }, 
        "model": "item/brush_brushing_2" },
      { "predicate": { "custom_model_data": 4276944 }, 
        "model": "custom/netherite_brush" },
      { "predicate": { "brushing": 0.25, "custom_model_data": 4276944 }, 
        "model": "custom/netherite_brush_brushing_0" },
      { "predicate": { "brushing": 0.50, "custom_model_data": 4276944 }, 
        "model": "custom/netherite_brush_brushing_1" },
      { "predicate": { "brushing": 0.75, "custom_model_data": 4276944 }, 
        "model": "custom/netherite_brush_brushing_2" }
    ]
  }
  