{
    "parent": "item/generated",
    "textures": {
        "layer0": "item/bundle"
    },
    "overrides": [
        { "predicate": { "filled": 0.0000001 }, "model": "item/bundle_filled" },
        { "predicate": {"custom_model_data": 4276942 }, "model": "custom/crimson_pouch"  },
        { "predicate": { "custom_model_data": 4276942,"filled": 0.0000001 }, "model": "custom/crimson_pouch_filled" },
        { "predicate": {"custom_model_data": 4276946 }, "model": "custom/warped_pouch"  },
        { "predicate": { "custom_model_data": 4276946,"filled": 0.0000001 }, "model": "custom/warped_pouch_filled" },
        { "predicate": {"custom_model_data": 4276947 }, "model": "custom/elder_pouch"  },
        { "predicate": { "custom_model_data": 4276947,"filled": 0.0000001 }, "model": "custom/elder_pouch_filled" }
    ]
}
