{
  "parent": "item/handheld_rod",
  "textures": {
    "layer0": "item/fishing_rod"
  },
  "overrides": [
    {
      "predicate": {
        "cast": 1
      },
      "model": "item/fishing_rod_cast"
    },
    {
      "predicate": {
        "cast": 0,
        "custom_model_data": 4276924
      },
      "model": "custom/twisted_rod"
    },
    {
      "predicate": {
        "cast": 1,
        "custom_model_data": 4276924
      },
      "model": "custom/twisted_rod_cast"
    }
  ]
}
