{
    "type": "minecraft:crafting_shaped",
    "pattern": [
        "N#T",
        "/MT",
        "N#T"
    ],
    "key": {
        "#": {
            "item": "minecraft:crimson_stem"
        },
        "/": {
            "item": "minecraft:blaze_rod"
        },
        "T": {
            "item": "minecraft:twisting_vines"
        },
        "M": {
            "item": "minecraft:magma_cream"
        },
        "N": {
            "item": "minecraft:netherite_ingot"
        }
    },
    "result": {
        "item": "minecraft:knowledge_book",
        "count": 1
    }
}