{
    "display": {
      "icon": {
        "item": "bundle"
      },
      "title": {
        "translate": ""
      },
      "description": {
        "translate": ""
      },
      "frame": "challenge",
      "show_toast": false,
      "announce_to_chat": false,
      "hidden": true
    },
    "criteria": {
        "Twisted Rod": {
          "trigger": "minecraft:recipe_unlocked",
          "conditions": {
            "recipe": "infernal_fishing:crimson_pouch"
          }
        }
      },
      "rewards": {
        "function": "infernal_fishing:pouch_crimson"
      }
    }