{
    "display": {
      "icon": {
        "item": "minecraft:golden_carrot"
      },
      "title": {
        "translate": ""
      },
      "description": {
        "translate": ""
      },
      "frame": "challenge",
      "show_toast": false,
      "announce_to_chat": false,
      "hidden": true
    },
    "parent": "minecraft:adventure/root",
    "criteria": {
      "Crawly things": {
        "trigger": "minecraft:consume_item",
        "conditions": {
          "item": {
            "item": "minecraft:golden_carrot",
            "nbt": "{CustomModelData:4276927}"
          }
        }
      }
    },
    "rewards": {
      "function": "infernal_fishing:tetra"
    }
  }