{
  "type": "minecraft:fishing",
  "pools": [
    {
      "rolls": 1,
      "entries": [
          {
              "type": "minecraft:item",
              "name": "minecraft:dried_kelp",
              "functions": [
                  {
                    "function": "set_nbt",
                    "tag": "{CustomModelData:4276926,Fireproof:1b,display:{Name:'{\"text\":\"Magma snail\",\"color\":\"dark_red\",\"italic\":false}',Lore:['{\"text\":\"Surprisingly addictive\",\"color\":\"dark_red\"}']}}"
                  }
              ],
              "weight": 32
            },
            {
              "type": "minecraft:item",
              "name": "minecraft:cooked_salmon",
              "functions": [
                  {
                    "function": "set_nbt",
                    "tag": "{CustomModelData:4276929,Fireproof:1b,display:{Name:'{\"text\":\"Goldfin\",\"color\":\"gold\",\"italic\":false}',Lore:['{\"text\":\"Piglins should learn to fish\",\"color\":\"gold\"}']}}"
                  }
              ],
              "weight": 30
            },       
            {
              "type": "minecraft:item",
              "name": "minecraft:golden_carrot",
              "functions": [
                  {
                    "function": "set_nbt",
                    "tag": "{CustomModelData:4276927,Fireproof:1b,Enchantments:[],display:{Name:'{\"text\":\"Warped tetra\",\"color\":\"dark_aqua\",\"italic\":false}',Lore:['{\"text\":\"Sushi... but hot!\",\"color\":\"dark_aqua\"}']}}"
                  }
              ],
              "weight": 2
            },
            {
              "type": "minecraft:item",
              "name": "minecraft:cooked_beef",
              "functions": [
                  {
                    "function": "set_nbt",
                    "tag": "{CustomModelData:4276928,Fireproof:1b,display:{Name:'{\"text\":\"Nether crawler\",\"color\":\"dark_green\",\"italic\":false}',Lore:['{\"text\":\"I hope it stops moving first\",\"color\":\"dark_green\"}']}}"
                  }
              ],
              "weight": 24
            },
            {
              "type": "minecraft:item",
              "name": "minecraft:snowball",
              "functions": [
                  {
                    "function": "set_nbt",
                    "tag": "{CustomModelData:4276925,moltenUrchin:1b,Fireproof:1b,display:{Name:'{\"text\":\"Molten urchin\",\"color\":\"dark_purple\",\"italic\":false}',Lore:['{\"text\":\"Careful! Sharp!\",\"color\":\"dark_purple\"}']}}"
                  }
              ],
              "weight": 12
            }
      ]
    }
  ]
}
