{
  "type": "minecraft:fishing",
  "pools": [
    {
      "rolls": 1,
      "entries": [
        {
          "type": "minecraft:item",
          "name": "minecraft:blackstone",
          "weight": 10
        },
        {
          "type": "minecraft:item",
          "name": "minecraft:nether_brick",
          "weight": 7
        },
        {
          "type": "minecraft:item",
          "name": "minecraft:golden_boots",
          "weight": 4
        },
        {
          "type": "minecraft:item",
          "name": "minecraft:golden_helmet",
          "weight": 2
        },
        {
          "type": "minecraft:item",
          "name": "minecraft:obsidian",
          "weight": 7
        },
        {
          "type": "minecraft:item",
          "name": "minecraft:quartz",
          "weight": 8
        },
        {
          "type": "minecraft:item",
          "name": "minecraft:fire_charge",
          "weight": 5
        },
        {
          "type": "minecraft:item",
          "name": "minecraft:bone",
          "weight": 9
        },
        {
          "type": "minecraft:item",
          "name": "minecraft:ender_pearl",
          "weight": 6
        },
        {
          "type": "minecraft:item",
          "name": "minecraft:warped_fungus",
          "weight": 6
        },
        {
          "type": "minecraft:item",
          "name": "minecraft:crimson_fungus",
          "weight": 6
        },
        {
          "type": "minecraft:item",
          "name": "minecraft:basalt",
          "weight": 5
        },
        {
          "type": "minecraft:item",
          "name": "minecraft:magma_cream",
          "weight": 5
        },
        {
          "type": "minecraft:item",
          "name": "minecraft:magma_block",
          "weight": 4
        },
        {
          "type": "minecraft:item",
          "name": "minecraft:bone_block",
          "weight": 4
        },
        {
          "type": "minecraft:item",
          "name": "minecraft:nether_quartz_ore",
          "weight": 3
        },
        {
          "type": "minecraft:item",
          "name": "minecraft:nether_gold_ore",
          "weight": 3
        }
      ]
    }
  ]
}
