{
  "type": "minecraft:fishing",
  "pools": [
      {
        "rolls": 1,
        "entries": [
          {
            "type": "minecraft:item",
            "name": "minecraft:stone",
            "weight": 33
          },
          {
            "type": "minecraft:item",
            "name": "minecraft:deepslate",
            "weight": 16
          },
          {
            "type": "minecraft:item",
            "name": "minecraft:coal",
            "weight":8
          },
          {
            "type": "minecraft:item",
            "name": "minecraft:bone",
            "weight":4
          },
          {
            "type": "minecraft:item",
            "name": "minecraft:coal_block",
            "weight":2
          },
          {
            "type": "minecraft:item",
            "name": "minecraft:diamond",
            "weight":1
          }
         ]
       }
    ]
}