{
    "type": "minecraft:fishing",
    "pools": [
      {
        "rolls": 1,
        "entries": [
            {
            "type": "loot_table",
            "name": "infernal_fishing:pouch_ancient_crimson",
            "weight": 3
            },
            {
            "type": "loot_table",
            "name": "infernal_fishing:pouch_ancient_warped",
            "weight": 3
            },
            {
            "type": "loot_table",
            "name": "infernal_fishing:pouch_gilded_crimson",
            "weight": 2
            },
            {
            "type": "loot_table",
            "name": "infernal_fishing:pouch_gilded_warped",
            "weight": 2
            }
          ]
        }
    ]
}