{
    "type": "minecraft:fishing",
    "pools": [
      {
        "rolls": 1,
        "entries": [
            {
            "type": "minecraft:item",
            "name": "minecraft:book",
            "functions": [
              {
                "function": "minecraft:enchant_with_levels",
                "levels": 30.0,
                "treasure": true
              }
            ],
            "weight": 73
          },
          {
            "type": "item",
            "name": "minecraft:enchanted_book",
            "functions": [
              {
                "function": "set_nbt",
                "tag": "{StoredEnchantments:[{id:\"minecraft:soul_speed\",lvl:1}]}"
              }
            ],
            "weight": 8
          },
          {
            "type": "item",
            "name": "minecraft:enchanted_book",
            "functions": [
              {
                "function": "set_nbt",
                "tag": "{StoredEnchantments:[{id:\"minecraft:soul_speed\",lvl:2}]}"
              }
            ],
            "weight": 5
          },
          {
            "type": "item",
            "name": "minecraft:enchanted_book",
            "functions": [
              {
                "function": "set_nbt",
                "tag": "{StoredEnchantments:[{id:\"minecraft:soul_speed\",lvl:3}]}"
              }
            ],
            "weight": 4
          },
          {
            "type": "item",
            "name": "minecraft:enchanted_book",
            "functions": [
              {
                "function": "set_nbt",
                "tag": "{StoredEnchantments:[{id:\"minecraft:swift_sneak\",lvl:1}]}"
              }
            ],
            "weight": 5
          },
          {
            "type": "item",
            "name": "minecraft:enchanted_book",
            "functions": [
              {
                "function": "set_nbt",
                "tag": "{StoredEnchantments:[{id:\"minecraft:swift_sneak\",lvl:2}]}"
              }
            ],
            "weight": 3
          },
          {
            "type": "item",
            "name": "minecraft:enchanted_book",
            "functions": [
              {
                "function": "set_nbt",
                "tag": "{StoredEnchantments:[{id:\"minecraft:swift_sneak\",lvl:3}]}"
              }
            ],
            "weight": 2
          }
        ]
    }
  ]
}