{
  "type": "minecraft:fishing",
  "pools": [
      {
        "rolls": 1,
        "entries": [
          {
            "type": "loot_table",
            "name": "infernal_fishing:warpedfauna",
            "weight": 159,
            "quality": 0
          },
          {
            "type": "loot_table",
            "name": "infernal_fishing:fiendish",
            "weight": 63,
            "quality": -1
          },
          {
            "type": "loot_table",
            "name": "infernal_fishing:gilded",
            "weight": 32,
            "quality": 0
          },
          {
            "type": "loot_table",
            "name": "infernal_fishing:ancient",
            "weight": 2,
            "quality": 1
          }
        ]
      }
    ]
  }